-- --------------------------------------------------------
-- 主机:                           127.0.0.1
-- 服务器版本:                        8.0.22 - MySQL Community Server - GPL
-- 服务器操作系统:                      Win64
-- HeidiSQL 版本:                  11.3.0.6295
-- --------------------------------------------------------

/*!40101 SET @OLD_CHARACTER_SET_CLIENT=@@CHARACTER_SET_CLIENT */;
/*!40101 SET NAMES utf8 */;
/*!50503 SET NAMES utf8mb4 */;
/*!40014 SET @OLD_FOREIGN_KEY_CHECKS=@@FOREIGN_KEY_CHECKS, FOREIGN_KEY_CHECKS=0 */;
/*!40101 SET @OLD_SQL_MODE=@@SQL_MODE, SQL_MODE='NO_AUTO_VALUE_ON_ZERO' */;
/*!40111 SET @OLD_SQL_NOTES=@@SQL_NOTES, SQL_NOTES=0 */;


-- 导出 marry_pub 的数据库结构
CREATE DATABASE IF NOT EXISTS `marry_pub` /*!40100 DEFAULT CHARACTER SET utf8mb4 COLLATE utf8mb4_general_ci */ /*!80016 DEFAULT ENCRYPTION='N' */;
USE `marry_pub`;

-- 导出  表 marry_pub.qrtz_fired_triggers 结构
CREATE TABLE IF NOT EXISTS `qrtz_fired_triggers` (
  `SCHED_NAME` varchar(120) CHARACTER SET utf8 COLLATE utf8_general_ci NOT NULL,
  `ENTRY_ID` varchar(95) CHARACTER SET utf8 COLLATE utf8_general_ci NOT NULL,
  `TRIGGER_NAME` varchar(200) CHARACTER SET utf8 COLLATE utf8_general_ci NOT NULL,
  `TRIGGER_GROUP` varchar(200) CHARACTER SET utf8 COLLATE utf8_general_ci NOT NULL,
  `INSTANCE_NAME` varchar(200) CHARACTER SET utf8 COLLATE utf8_general_ci NOT NULL,
  `FIRED_TIME` bigint NOT NULL,
  `SCHED_TIME` bigint NOT NULL,
  `PRIORITY` int NOT NULL,
  `STATE` varchar(16) CHARACTER SET utf8 COLLATE utf8_general_ci NOT NULL,
  `JOB_NAME` varchar(200) CHARACTER SET utf8 COLLATE utf8_general_ci DEFAULT NULL,
  `JOB_GROUP` varchar(200) CHARACTER SET utf8 COLLATE utf8_general_ci DEFAULT NULL,
  `IS_NONCONCURRENT` varchar(1) CHARACTER SET utf8 COLLATE utf8_general_ci DEFAULT NULL,
  `REQUESTS_RECOVERY` varchar(1) CHARACTER SET utf8 COLLATE utf8_general_ci DEFAULT NULL,
  PRIMARY KEY (`SCHED_NAME`,`ENTRY_ID`) USING BTREE,
  KEY `IDX_QRTZ_FT_TRIG_INST_NAME` (`SCHED_NAME`,`INSTANCE_NAME`) USING BTREE,
  KEY `IDX_QRTZ_FT_INST_JOB_REQ_RCVRY` (`SCHED_NAME`,`INSTANCE_NAME`,`REQUESTS_RECOVERY`) USING BTREE,
  KEY `IDX_QRTZ_FT_J_G` (`SCHED_NAME`,`JOB_NAME`,`JOB_GROUP`) USING BTREE,
  KEY `IDX_QRTZ_FT_JG` (`SCHED_NAME`,`JOB_GROUP`) USING BTREE,
  KEY `IDX_QRTZ_FT_T_G` (`SCHED_NAME`,`TRIGGER_NAME`,`TRIGGER_GROUP`) USING BTREE,
  KEY `IDX_QRTZ_FT_TG` (`SCHED_NAME`,`TRIGGER_GROUP`) USING BTREE
) ENGINE=InnoDB DEFAULT CHARSET=utf8mb4 COLLATE=utf8mb4_general_ci;

-- 正在导出表  marry_pub.qrtz_fired_triggers 的数据：~0 rows (大约)
/*!40000 ALTER TABLE `qrtz_fired_triggers` DISABLE KEYS */;
/*!40000 ALTER TABLE `qrtz_fired_triggers` ENABLE KEYS */;

-- 导出  表 marry_pub.qrtz_locks 结构
CREATE TABLE IF NOT EXISTS `qrtz_locks` (
  `SCHED_NAME` varchar(120) CHARACTER SET utf8 COLLATE utf8_general_ci NOT NULL,
  `LOCK_NAME` varchar(40) CHARACTER SET utf8 COLLATE utf8_general_ci NOT NULL,
  PRIMARY KEY (`SCHED_NAME`,`LOCK_NAME`) USING BTREE
) ENGINE=InnoDB DEFAULT CHARSET=utf8mb4 COLLATE=utf8mb4_general_ci;

-- 正在导出表  marry_pub.qrtz_locks 的数据：~1 rows (大约)
/*!40000 ALTER TABLE `qrtz_locks` DISABLE KEYS */;
INSERT INTO `qrtz_locks` (`SCHED_NAME`, `LOCK_NAME`) VALUES
	('RenrenScheduler', 'STATE_ACCESS'),
	('RenrenScheduler', 'TRIGGER_ACCESS');
/*!40000 ALTER TABLE `qrtz_locks` ENABLE KEYS */;

-- 导出  表 marry_pub.qrtz_scheduler_state 结构
CREATE TABLE IF NOT EXISTS `qrtz_scheduler_state` (
  `SCHED_NAME` varchar(120) CHARACTER SET utf8 COLLATE utf8_general_ci NOT NULL,
  `INSTANCE_NAME` varchar(200) CHARACTER SET utf8 COLLATE utf8_general_ci NOT NULL,
  `LAST_CHECKIN_TIME` bigint NOT NULL,
  `CHECKIN_INTERVAL` bigint NOT NULL,
  PRIMARY KEY (`SCHED_NAME`,`INSTANCE_NAME`) USING BTREE
) ENGINE=InnoDB DEFAULT CHARSET=utf8mb4 COLLATE=utf8mb4_general_ci;

-- 正在导出表  marry_pub.qrtz_scheduler_state 的数据：~1 rows (大约)
/*!40000 ALTER TABLE `qrtz_scheduler_state` DISABLE KEYS */;
INSERT INTO `qrtz_scheduler_state` (`SCHED_NAME`, `INSTANCE_NAME`, `LAST_CHECKIN_TIME`, `CHECKIN_INTERVAL`) VALUES
	('RenrenScheduler', 'ZB-PF11YFRJ1636510051141', 1636516417431, 15000);
/*!40000 ALTER TABLE `qrtz_scheduler_state` ENABLE KEYS */;

-- 导出  表 marry_pub.qrtz_triggers 结构
CREATE TABLE IF NOT EXISTS `qrtz_triggers` (
  `SCHED_NAME` varchar(120) CHARACTER SET utf8 COLLATE utf8_general_ci NOT NULL,
  `TRIGGER_NAME` varchar(200) CHARACTER SET utf8 COLLATE utf8_general_ci NOT NULL,
  `TRIGGER_GROUP` varchar(200) CHARACTER SET utf8 COLLATE utf8_general_ci NOT NULL,
  `JOB_NAME` varchar(200) CHARACTER SET utf8 COLLATE utf8_general_ci NOT NULL,
  `JOB_GROUP` varchar(200) CHARACTER SET utf8 COLLATE utf8_general_ci NOT NULL,
  `DESCRIPTION` varchar(250) CHARACTER SET utf8 COLLATE utf8_general_ci DEFAULT NULL,
  `NEXT_FIRE_TIME` bigint DEFAULT NULL,
  `PREV_FIRE_TIME` bigint DEFAULT NULL,
  `PRIORITY` int DEFAULT NULL,
  `TRIGGER_STATE` varchar(16) CHARACTER SET utf8 COLLATE utf8_general_ci NOT NULL,
  `TRIGGER_TYPE` varchar(8) CHARACTER SET utf8 COLLATE utf8_general_ci NOT NULL,
  `START_TIME` bigint NOT NULL,
  `END_TIME` bigint DEFAULT NULL,
  `CALENDAR_NAME` varchar(200) CHARACTER SET utf8 COLLATE utf8_general_ci DEFAULT NULL,
  `MISFIRE_INSTR` smallint DEFAULT NULL,
  `JOB_DATA` blob,
  PRIMARY KEY (`SCHED_NAME`,`TRIGGER_NAME`,`TRIGGER_GROUP`) USING BTREE,
  KEY `IDX_QRTZ_T_J` (`SCHED_NAME`,`JOB_NAME`,`JOB_GROUP`) USING BTREE,
  KEY `IDX_QRTZ_T_JG` (`SCHED_NAME`,`JOB_GROUP`) USING BTREE,
  KEY `IDX_QRTZ_T_C` (`SCHED_NAME`,`CALENDAR_NAME`) USING BTREE,
  KEY `IDX_QRTZ_T_G` (`SCHED_NAME`,`TRIGGER_GROUP`) USING BTREE,
  KEY `IDX_QRTZ_T_STATE` (`SCHED_NAME`,`TRIGGER_STATE`) USING BTREE,
  KEY `IDX_QRTZ_T_N_STATE` (`SCHED_NAME`,`TRIGGER_NAME`,`TRIGGER_GROUP`,`TRIGGER_STATE`) USING BTREE,
  KEY `IDX_QRTZ_T_N_G_STATE` (`SCHED_NAME`,`TRIGGER_GROUP`,`TRIGGER_STATE`) USING BTREE,
  KEY `IDX_QRTZ_T_NEXT_FIRE_TIME` (`SCHED_NAME`,`NEXT_FIRE_TIME`) USING BTREE,
  KEY `IDX_QRTZ_T_NFT_ST` (`SCHED_NAME`,`TRIGGER_STATE`,`NEXT_FIRE_TIME`) USING BTREE,
  KEY `IDX_QRTZ_T_NFT_MISFIRE` (`SCHED_NAME`,`MISFIRE_INSTR`,`NEXT_FIRE_TIME`) USING BTREE,
  KEY `IDX_QRTZ_T_NFT_ST_MISFIRE` (`SCHED_NAME`,`MISFIRE_INSTR`,`NEXT_FIRE_TIME`,`TRIGGER_STATE`) USING BTREE,
  KEY `IDX_QRTZ_T_NFT_ST_MISFIRE_GRP` (`SCHED_NAME`,`MISFIRE_INSTR`,`NEXT_FIRE_TIME`,`TRIGGER_GROUP`,`TRIGGER_STATE`) USING BTREE,
  CONSTRAINT `qrtz_triggers_ibfk_1` FOREIGN KEY (`SCHED_NAME`, `JOB_NAME`, `JOB_GROUP`) REFERENCES `msc_blog`.`qrtz_job_details` (`SCHED_NAME`, `JOB_NAME`, `JOB_GROUP`)
) ENGINE=InnoDB DEFAULT CHARSET=utf8mb4 COLLATE=utf8mb4_general_ci;

-- 正在导出表  marry_pub.qrtz_triggers 的数据：~0 rows (大约)
/*!40000 ALTER TABLE `qrtz_triggers` DISABLE KEYS */;
/*!40000 ALTER TABLE `qrtz_triggers` ENABLE KEYS */;

-- 导出  表 marry_pub.sys_dict_data 结构
CREATE TABLE IF NOT EXISTS `sys_dict_data` (
  `id` bigint NOT NULL AUTO_INCREMENT COMMENT '主键',
  `type_id` bigint NOT NULL COMMENT '字典类型id',
  `value` text CHARACTER SET utf8mb4 COLLATE utf8mb4_general_ci NOT NULL COMMENT '值',
  `code` varchar(50) CHARACTER SET utf8mb4 COLLATE utf8mb4_general_ci NOT NULL COMMENT '编码',
  `sort` int NOT NULL COMMENT '排序',
  `remark` varchar(255) CHARACTER SET utf8mb4 COLLATE utf8mb4_general_ci DEFAULT NULL COMMENT '备注',
  `status` tinyint NOT NULL COMMENT '状态（字典 0正常 1停用 2删除）',
  `create_time` datetime DEFAULT NULL COMMENT '创建时间',
  `create_user` bigint DEFAULT NULL COMMENT '创建人',
  `update_time` datetime DEFAULT NULL COMMENT '更新时间',
  `update_user` bigint DEFAULT NULL COMMENT '更新人',
  `yn` tinyint NOT NULL DEFAULT '1' COMMENT '逻辑删除1是0否',
  PRIMARY KEY (`id`) USING BTREE
) ENGINE=InnoDB AUTO_INCREMENT=1265216536659087366 DEFAULT CHARSET=utf8mb4 COLLATE=utf8mb4_general_ci ROW_FORMAT=COMPACT COMMENT='系统字典值表';

-- 正在导出表  marry_pub.sys_dict_data 的数据：~90 rows (大约)
/*!40000 ALTER TABLE `sys_dict_data` DISABLE KEYS */;
INSERT INTO `sys_dict_data` (`id`, `type_id`, `value`, `code`, `sort`, `remark`, `status`, `create_time`, `create_user`, `update_time`, `update_user`, `yn`) VALUES
	(1265216536659087357, 1265216211667636234, '男', '1', 100, '男性', 0, '2020-04-01 10:23:29', 1265476890672672808, NULL, NULL, 1),
	(1265216536659087358, 1265216211667636234, '女', '2', 100, '女性', 0, '2020-04-01 10:23:49', 1265476890672672808, NULL, NULL, 1),
	(1265216536659087359, 1265216211667636234, '未知', '3', 100, '未知性别', 0, '2020-04-01 10:24:01', 1265476890672672808, NULL, NULL, 1),
	(1265216536659087361, 1265216211667636235, '默认常量', 'DEFAULT', 100, '默认常量，都以SNOWY_开头的', 0, '2020-04-14 23:25:45', 1265476890672672808, NULL, NULL, 1),
	(1265216536659087363, 1265216211667636235, '阿里云短信', 'ALIYUN_SMS', 100, '阿里云短信配置', 0, '2020-04-14 23:25:45', 1265476890672672808, NULL, NULL, 1),
	(1265216536659087364, 1265216211667636235, '腾讯云短信', 'TENCENT_SMS', 100, '腾讯云短信', 0, '2020-04-14 23:25:45', 1265476890672672808, NULL, NULL, 1),
	(1265216536659087365, 1265216211667636235, '邮件配置', 'EMAIL', 100, '邮箱配置', 0, '2020-04-14 23:25:45', 1265476890672672808, NULL, NULL, 1),
	(1265216536659087366, 1265216211667636235, '文件上传路径', 'FILE_PATH', 100, '文件上传路径', 0, '2020-04-14 23:25:45', 1265476890672672808, NULL, NULL, 1),
	(1265216536659087367, 1265216211667636235, 'Oauth配置', 'OAUTH', 100, 'Oauth配置', 0, '2020-04-14 23:25:45', 1265476890672672808, NULL, NULL, 1),
	(1265216617500102656, 1265216211667636226, '正常', '0', 100, '正常', 0, '2020-05-26 17:41:44', 1265476890672672808, NULL, NULL, 1),
	(1265216617500102657, 1265216211667636226, '停用', '1', 100, '停用', 0, '2020-05-26 17:42:03', 1265476890672672808, NULL, NULL, 1),
	(1265216938389524482, 1265216211667636226, '删除', '2', 100, '删除', 0, '2020-05-26 17:43:19', 1265476890672672808, NULL, NULL, 1),
	(1265217669028892673, 1265217074079453185, '否', 'N', 100, '否', 0, '2020-05-26 17:46:14', 1265476890672672808, NULL, NULL, 1),
	(1265217706584690689, 1265217074079453185, '是', 'Y', 100, '是', 0, '2020-05-26 17:46:23', 1265476890672672808, NULL, NULL, 1),
	(1265220776437731330, 1265217846770913282, '登录', '1', 100, '登录', 0, '2020-05-26 17:58:34', 1265476890672672808, NULL, NULL, 1),
	(1265220806070489090, 1265217846770913282, '登出', '2', 100, '登出', 0, '2020-05-26 17:58:41', 1265476890672672808, NULL, NULL, 1),
	(1265221129564573697, 1265221049302372354, '目录', '0', 100, '目录', 0, '2020-05-26 17:59:59', 1265476890672672808, NULL, NULL, 1),
	(1265221163119005697, 1265221049302372354, '菜单', '1', 100, '菜单', 0, '2020-05-26 18:00:07', 1265476890672672808, NULL, NULL, 1),
	(1265221188091891713, 1265221049302372354, '按钮', '2', 100, '按钮', 0, '2020-05-26 18:00:13', 1265476890672672808, NULL, NULL, 1),
	(1265466389204967426, 1265466149622128641, '未发送', '0', 100, '未发送', 0, '2020-05-27 10:14:33', 1265476890672672808, NULL, NULL, 1),
	(1265466432670539778, 1265466149622128641, '发送成功', '1', 100, '发送成功', 0, '2020-05-27 10:14:43', 1265476890672672808, NULL, NULL, 1),
	(1265466486097584130, 1265466149622128641, '发送失败', '2', 100, '发送失败', 0, '2020-05-27 10:14:56', 1265476890672672808, NULL, NULL, 1),
	(1265466530477514754, 1265466149622128641, '失效', '3', 100, '失效', 0, '2020-05-27 10:15:07', 1265476890672672808, NULL, NULL, 1),
	(1265466835009150978, 1265466752209395713, '无', '0', 100, '无', 0, '2020-05-27 10:16:19', 1265476890672672808, NULL, NULL, 1),
	(1265466874758569986, 1265466752209395713, '组件', '1', 100, '组件', 0, '2020-05-27 10:16:29', 1265476890672672808, NULL, NULL, 1),
	(1265466925476093953, 1265466752209395713, '内链', '2', 100, '内链', 0, '2020-05-27 10:16:41', 1265476890672672808, NULL, NULL, 1),
	(1265466962209808385, 1265466752209395713, '外链', '3', 100, '外链', 0, '2020-05-27 10:16:50', 1265476890672672808, NULL, NULL, 1),
	(1265467428423475202, 1265467337566461954, '系统权重', '1', 100, '系统权重', 0, '2020-05-27 10:18:41', 1265476890672672808, NULL, NULL, 1),
	(1265467503090475009, 1265467337566461954, '业务权重', '2', 100, '业务权重', 0, '2020-05-27 10:18:59', 1265476890672672808, NULL, NULL, 1),
	(1265468138431062018, 1265468028632571905, '全部数据', '1', 100, '全部数据', 0, '2020-05-27 10:21:30', 1265476890672672808, NULL, NULL, 1),
	(1265468194928336897, 1265468028632571905, '本部门及以下数据', '2', 100, '本部门及以下数据', 0, '2020-05-27 10:21:44', 1265476890672672808, NULL, NULL, 1),
	(1265468241992622082, 1265468028632571905, '本部门数据', '3', 100, '本部门数据', 0, '2020-05-27 10:21:55', 1265476890672672808, NULL, NULL, 1),
	(1265468273634451457, 1265468028632571905, '仅本人数据', '4', 100, '仅本人数据', 0, '2020-05-27 10:22:02', 1265476890672672808, NULL, NULL, 1),
	(1265468302046666753, 1265468028632571905, '自定义数据', '5', 100, '自定义数据', 0, '2020-05-27 10:22:09', 1265476890672672808, NULL, NULL, 1),
	(1265468508100239362, 1265468437904367618, 'app', '1', 100, 'app', 0, '2020-05-27 10:22:58', 1265476890672672808, NULL, NULL, 1),
	(1265468543433056258, 1265468437904367618, 'pc', '2', 100, 'pc', 0, '2020-05-27 10:23:07', 1265476890672672808, NULL, NULL, 1),
	(1265468576874242050, 1265468437904367618, '其他', '3', 100, '其他', 0, '2020-05-27 10:23:15', 1265476890672672808, NULL, NULL, 1),
	(1275617233011335170, 1275617093517172738, '其它', '0', 100, '其它', 1, '2020-06-24 10:30:23', 1265476890672672808, NULL, NULL, 1),
	(1275617295355469826, 1275617093517172738, '增加', '1', 100, '增加', 1, '2020-06-24 10:30:38', 1265476890672672808, NULL, NULL, 1),
	(1275617348610547714, 1275617093517172738, '删除', '2', 100, '删除', 1, '2020-06-24 10:30:50', 1265476890672672808, NULL, NULL, 1),
	(1275617395515449346, 1275617093517172738, '编辑', '3', 100, '编辑', 1, '2020-06-24 10:31:02', 1265476890672672808, NULL, NULL, 1),
	(1275617433612312577, 1275617093517172738, '更新', '4', 100, '更新', 1, '2020-06-24 10:31:11', 1265476890672672808, NULL, NULL, 1),
	(1275617472707420161, 1275617093517172738, '查询', '5', 100, '查询', 1, '2020-06-24 10:31:20', 1265476890672672808, NULL, NULL, 1),
	(1275617502973517826, 1275617093517172738, '详情', '6', 100, '详情', 1, '2020-06-24 10:31:27', 1265476890672672808, NULL, NULL, 1),
	(1275617536959963137, 1275617093517172738, '树', '7', 100, '树', 1, '2020-06-24 10:31:35', 1265476890672672808, NULL, NULL, 1),
	(1275617619524837377, 1275617093517172738, '导入', '8', 100, '导入', 1, '2020-06-24 10:31:55', 1265476890672672808, NULL, NULL, 1),
	(1275617651816783873, 1275617093517172738, '导出', '9', 100, '导出', 1, '2020-06-24 10:32:03', 1265476890672672808, NULL, NULL, 1),
	(1275617683475390465, 1275617093517172738, '授权', '10', 100, '授权', 1, '2020-06-24 10:32:10', 1265476890672672808, NULL, NULL, 1),
	(1275617709928865793, 1275617093517172738, '强退', '11', 100, '强退', 1, '2020-06-24 10:32:17', 1265476890672672808, NULL, NULL, 1),
	(1275617739091861505, 1275617093517172738, '清空', '12', 100, '清空', 1, '2020-06-24 10:32:23', 1265476890672672808, NULL, NULL, 1),
	(1275617788601425921, 1275617093517172738, '修改状态', '13', 100, '修改状态', 1, '2020-06-24 10:32:35', 1265476890672672808, NULL, NULL, 1),
	(1277774590944317441, 1277774529430654977, '阿里云', '1', 100, '阿里云', 0, '2020-06-30 09:22:57', 1265476890672672808, NULL, NULL, 1),
	(1277774666055913474, 1277774529430654977, '腾讯云', '2', 100, '腾讯云', 0, '2020-06-30 09:23:15', 1265476890672672808, NULL, NULL, 1),
	(1277774695168577538, 1277774529430654977, 'minio', '3', 100, 'minio', 0, '2020-06-30 09:23:22', 1265476890672672808, NULL, NULL, 1),
	(1277774726835572737, 1277774529430654977, '本地', '4', 100, '本地', 0, '2020-06-30 09:23:29', 1265476890672672808, NULL, NULL, 1),
	(1278607123583868929, 1278606951432855553, '运行', '1', 100, '运行', 1, '2020-07-02 16:31:08', 1265476890672672808, NULL, NULL, 1),
	(1278607162943217666, 1278606951432855553, '停止', '2', 100, '停止', 1, '2020-07-02 16:31:18', 1265476890672672808, NULL, NULL, 1),
	(1278939265862004738, 1278911800547147777, '通知', '1', 100, '通知', 0, '2020-07-03 14:30:57', 1265476890672672808, NULL, NULL, 1),
	(1278939319922388994, 1278911800547147777, '公告', '2', 100, '公告', 0, '2020-07-03 14:31:10', 1265476890672672808, NULL, NULL, 1),
	(1278939399001796609, 1278911952657776642, '草稿', '0', 100, '草稿', 0, '2020-07-03 14:31:29', 1265476890672672808, NULL, NULL, 1),
	(1278939432686252034, 1278911952657776642, '发布', '1', 100, '发布', 0, '2020-07-03 14:31:37', 1265476890672672808, NULL, NULL, 1),
	(1278939458804183041, 1278911952657776642, '撤回', '2', 100, '撤回', 0, '2020-07-03 14:31:43', 1265476890672672808, NULL, NULL, 1),
	(1278939485878415362, 1278911952657776642, '删除', '3', 100, '删除', 0, '2020-07-03 14:31:50', 1265476890672672808, NULL, NULL, 1),
	(1291390260160299009, 1291390159941599233, '是', 'true', 100, '是', 0, '2020-08-06 23:06:46', 1265476890672672808, NULL, NULL, 1),
	(1291390315437031426, 1291390159941599233, '否', 'false', 100, '否', 0, '2020-08-06 23:06:59', 1265476890672672808, NULL, NULL, 1),
	(1342446007168466945, 1342445962104864770, '下载压缩包', '1', 100, '下载压缩包', 0, '2020-12-25 20:24:04', 1265476890672672808, NULL, NULL, 1),
	(1342446035433881601, 1342445962104864770, '生成到本项目', '2', 100, '生成到本项目', 0, '2020-12-25 20:24:11', 1265476890672672808, NULL, NULL, 1),
	(1358094655567454210, 1358094419419750401, '输入框', 'input', 100, '输入框', 0, '2021-02-07 00:46:13', 1265476890672672808, '2021-02-08 01:01:28', 1265476890672672808, 1),
	(1358094740510498817, 1358094419419750401, '时间选择', 'datepicker', 100, '时间选择', 0, '2021-02-07 00:46:33', 1265476890672672808, '2021-02-08 01:04:07', 1265476890672672808, 1),
	(1358094793149014017, 1358094419419750401, '下拉框', 'select', 100, '下拉框', 0, '2021-02-07 00:46:46', 1265476890672672808, NULL, NULL, 1),
	(1358095496009506817, 1358094419419750401, '单选框', 'radio', 100, '单选框', 0, '2021-02-07 00:49:33', 1265476890672672808, NULL, NULL, 1),
	(1358095673084633090, 1358094419419750401, '开关', 'switch', 100, '开关', 2, '2021-02-07 00:50:15', 1265476890672672808, '2021-02-11 19:07:18', 1265476890672672808, 1),
	(1358458689433190402, 1358457818733428737, '等于', 'eq', 1, '等于', 0, '2021-02-08 00:52:45', 1265476890672672808, '2021-02-13 23:35:36', 1265476890672672808, 1),
	(1358458785168179202, 1358457818733428737, '模糊', 'like', 2, '模糊', 0, '2021-02-08 00:53:08', 1265476890672672808, '2021-02-13 23:35:46', 1265476890672672808, 1),
	(1358460475682406401, 1358094419419750401, '多选框', 'checkbox', 100, '多选框', 0, '2021-02-08 00:59:51', 1265476890672672808, NULL, NULL, 1),
	(1358460819019743233, 1358094419419750401, '数字输入框', 'inputnumber', 100, '数字输入框', 0, '2021-02-08 01:01:13', 1265476890672672808, NULL, NULL, 1),
	(1358470210267725826, 1358470065111252994, 'Long', 'Long', 100, 'Long', 0, '2021-02-08 01:38:32', 1265476890672672808, NULL, NULL, 1),
	(1358470239351029762, 1358470065111252994, 'String', 'String', 100, 'String', 0, '2021-02-08 01:38:39', 1265476890672672808, NULL, NULL, 1),
	(1358470265640927233, 1358470065111252994, 'Date', 'Date', 100, 'Date', 0, '2021-02-08 01:38:45', 1265476890672672808, NULL, NULL, 1),
	(1358470300168437761, 1358470065111252994, 'Integer', 'Integer', 100, 'Integer', 0, '2021-02-08 01:38:53', 1265476890672672808, NULL, NULL, 1),
	(1358470697377415169, 1358470065111252994, 'boolean', 'boolean', 100, 'boolean', 0, '2021-02-08 01:40:28', 1265476890672672808, '2021-02-08 01:40:47', 1265476890672672808, 1),
	(1358471133434036226, 1358470065111252994, 'int', 'int', 100, 'int', 0, '2021-02-08 01:42:12', 1265476890672672808, NULL, NULL, 1),
	(1358471188291338241, 1358470065111252994, 'double', 'double', 100, 'double', 0, '2021-02-08 01:42:25', 1265476890672672808, NULL, NULL, 1),
	(1358756511688761346, 1358457818733428737, '大于', 'gt', 3, '大于', 0, '2021-02-08 20:36:12', 1265476890672672808, '2021-02-13 23:45:24', 1265476890672672808, 1),
	(1358756547159990274, 1358457818733428737, '小于', 'lt', 4, '大于', 0, '2021-02-08 20:36:20', 1265476890672672808, '2021-02-13 23:45:29', 1265476890672672808, 1),
	(1358756609990664193, 1358457818733428737, '不等于', 'ne', 7, '不等于', 0, '2021-02-08 20:36:35', 1265476890672672808, '2021-02-13 23:45:46', 1265476890672672808, 1),
	(1358756685030957057, 1358457818733428737, '大于等于', 'ge', 5, '大于等于', 0, '2021-02-08 20:36:53', 1265476890672672808, '2021-02-13 23:45:35', 1265476890672672808, 1),
	(1358756800525312001, 1358457818733428737, '小于等于', 'le', 6, '小于等于', 0, '2021-02-08 20:37:20', 1265476890672672808, '2021-02-13 23:45:40', 1265476890672672808, 1),
	(1360529773814083586, 1358094419419750401, '文本域', 'textarea', 100, '文本域', 0, '2021-02-13 18:02:30', 1265476890672672808, NULL, NULL, 1),
	(1360606105914732545, 1358457818733428737, '不为空', 'isNotNull', 8, '不为空', 0, '2021-02-13 23:05:49', 1265476890672672808, '2021-02-13 23:45:50', 1265476890672672808, 1);
/*!40000 ALTER TABLE `sys_dict_data` ENABLE KEYS */;

-- 导出  表 marry_pub.sys_dict_type 结构
CREATE TABLE IF NOT EXISTS `sys_dict_type` (
  `id` bigint NOT NULL AUTO_INCREMENT COMMENT '主键',
  `name` varchar(100) CHARACTER SET utf8mb4 COLLATE utf8mb4_general_ci NOT NULL COMMENT '名称',
  `code` varchar(50) CHARACTER SET utf8mb4 COLLATE utf8mb4_general_ci NOT NULL COMMENT '编码',
  `sort` int NOT NULL COMMENT '排序',
  `remark` varchar(255) CHARACTER SET utf8mb4 COLLATE utf8mb4_general_ci DEFAULT NULL COMMENT '备注',
  `status` tinyint NOT NULL DEFAULT '1' COMMENT '状态（字典 0正常 1停用 2删除）',
  `create_time` datetime DEFAULT NULL COMMENT '创建时间',
  `create_user` varchar(50) COLLATE utf8mb4_general_ci DEFAULT NULL COMMENT '创建人',
  `update_time` datetime DEFAULT NULL COMMENT '更新时间',
  `update_user` varchar(50) COLLATE utf8mb4_general_ci DEFAULT NULL COMMENT '更新人',
  `yn` tinyint NOT NULL DEFAULT '1' COMMENT '逻辑删除字段1是0否',
  PRIMARY KEY (`id`) USING BTREE
) ENGINE=InnoDB AUTO_INCREMENT=1358470065111252996 DEFAULT CHARSET=utf8mb4 COLLATE=utf8mb4_general_ci ROW_FORMAT=COMPACT COMMENT='系统字典类型表';

-- 正在导出表  marry_pub.sys_dict_type 的数据：~22 rows (大约)
/*!40000 ALTER TABLE `sys_dict_type` DISABLE KEYS */;
INSERT INTO `sys_dict_type` (`id`, `name`, `code`, `sort`, `remark`, `status`, `create_time`, `create_user`, `update_time`, `update_user`, `yn`) VALUES
	(1265216211667636226, '通用状态', 'common_status', 100, '通用状态', 0, '2020-05-26 17:40:26', '1265476890672672808', '2020-06-08 11:31:47', '1265476890672672808', 1),
	(1265216211667636234, '性别', 'sex', 100, '性别字典', 0, '2020-04-01 10:12:30', '1265476890672672808', NULL, NULL, 1),
	(1265216211667636235, '常量的分类', 'consts_type', 100, '常量的分类，用于区别一组配置', 0, '2020-04-14 23:24:13', '1265476890672672808', NULL, NULL, 1),
	(1265217074079453185, '是否', 'yes_or_no', 100, '是否', 0, '2020-05-26 17:43:52', '1265476890672672808', NULL, NULL, 1),
	(1265217846770913282, '访问类型', 'vis_type', 100, '访问类型', 0, '2020-05-26 17:46:56', '1265476890672672808', NULL, NULL, 1),
	(1265221049302372354, '菜单类型', 'menu_type', 100, '菜单类型', 0, '2020-05-26 17:59:39', '1265476890672672808', NULL, NULL, 1),
	(1265466149622128641, '发送类型', 'send_type', 100, '发送类型', 0, '2020-05-27 10:13:36', '1265476890672672808', NULL, NULL, 1),
	(1265466752209395713, '打开方式', 'open_type', 100, '打开方式', 0, '2020-05-27 10:16:00', '1265476890672672808', NULL, NULL, 1),
	(1265467337566461954, '菜单权重', 'menu_weight', 100, '菜单权重', 0, '2020-05-27 10:18:19', '1265476890672672808', NULL, NULL, 1),
	(1265468028632571905, '数据范围类型', 'data_scope_type', 100, '数据范围类型', 0, '2020-05-27 10:21:04', '1265476890672672808', NULL, NULL, 1),
	(1265468437904367618, '短信发送来源', 'sms_send_source', 100, '短信发送来源', 0, '2020-05-27 10:22:42', '1265476890672672808', NULL, NULL, 1),
	(1275617093517172738, '操作类型', 'op_type', 100, '操作类型', 1, '2020-06-24 10:29:50', '1265476890672672808', NULL, NULL, 1),
	(1277774529430654977, '文件存储位置', 'file_storage_location', 100, '文件存储位置', 0, '2020-06-30 09:22:42', '1265476890672672808', NULL, NULL, 1),
	(1278606951432855553, '运行状态', 'run_status', 100, '定时任务运行状态', 1, '2020-07-02 16:30:27', '1265476890672672808', NULL, NULL, 1),
	(1278911800547147777, '通知公告类型', 'notice_type', 100, '通知公告类型', 0, '2020-07-03 12:41:49', '1265476890672672808', NULL, NULL, 1),
	(1278911952657776642, '通知公告状态', 'notice_status', 100, '通知公告状态', 0, '2020-07-03 12:42:25', '1265476890672672808', NULL, NULL, 1),
	(1291390159941599233, '是否boolean', 'yes_true_false', 100, '是否boolean', 0, '2020-08-06 23:06:22', '1265476890672672808', NULL, NULL, 1),
	(1342445962104864770, '代码生成方式', 'code_gen_create_type', 100, '代码生成方式', 0, '2020-12-25 20:23:53', '1265476890672672808', NULL, NULL, 1),
	(1358094419419750401, '代码生成作用类型', 'code_gen_effect_type', 100, '代码生成作用类型', 0, '2021-02-07 00:45:16', '1265476890672672808', '2021-02-08 00:47:48', '1265476890672672808', 1),
	(1358457818733428737, '代码生成查询类型', 'code_gen_query_type', 100, '代码生成查询类型', 0, '2021-02-08 00:49:18', '1265476890672672808', NULL, NULL, 1),
	(1358470065111252994, '代码生成java类型', 'code_gen_java_type', 100, '代码生成java类型', 0, '2021-02-08 01:37:57', '1265476890672672808', NULL, NULL, 1),
	(1358470065111252995, '发是的v', 'sdfvfds', 100, 'sdcsdc', 0, '2021-10-18 18:28:26', 'admin', '2021-10-18 18:28:26', 'admin', 1);
/*!40000 ALTER TABLE `sys_dict_type` ENABLE KEYS */;

-- 导出  表 marry_pub.sys_menu 结构
CREATE TABLE IF NOT EXISTS `sys_menu` (
  `id` int NOT NULL AUTO_INCREMENT COMMENT 'id',
  `url` varchar(64) CHARACTER SET utf8 COLLATE utf8_general_ci DEFAULT NULL COMMENT 'url',
  `path` varchar(64) CHARACTER SET utf8 COLLATE utf8_general_ci DEFAULT NULL COMMENT 'path',
  `component` varchar(64) CHARACTER SET utf8 COLLATE utf8_general_ci DEFAULT NULL COMMENT '组件',
  `name` varchar(64) CHARACTER SET utf8 COLLATE utf8_general_ci DEFAULT NULL COMMENT '菜单名',
  `iconCls` varchar(64) CHARACTER SET utf8 COLLATE utf8_general_ci DEFAULT NULL COMMENT '图标',
  `keepAlive` tinyint(1) DEFAULT NULL COMMENT '是否保持激活',
  `requireAuth` tinyint(1) DEFAULT NULL COMMENT '是否要求权限',
  `parentId` int DEFAULT NULL COMMENT '父id',
  `enabled` tinyint(1) DEFAULT '1' COMMENT '是否启用',
  PRIMARY KEY (`id`) USING BTREE,
  KEY `parentId` (`parentId`) USING BTREE,
  CONSTRAINT `menu_ibfk_1` FOREIGN KEY (`parentId`) REFERENCES `yeb`.`t_menu` (`id`)
) ENGINE=InnoDB AUTO_INCREMENT=30 DEFAULT CHARSET=utf8 ROW_FORMAT=DYNAMIC COMMENT='菜单管理';

-- 正在导出表  marry_pub.sys_menu 的数据：~1 rows (大约)
/*!40000 ALTER TABLE `sys_menu` DISABLE KEYS */;
INSERT INTO `sys_menu` (`id`, `url`, `path`, `component`, `name`, `iconCls`, `keepAlive`, `requireAuth`, `parentId`, `enabled`) VALUES
	(1, '/api/pageList', '/api/pageList', 'ApiPageList', '用户管理列表', NULL, NULL, 1, 1, 1);
/*!40000 ALTER TABLE `sys_menu` ENABLE KEYS */;

-- 导出  表 marry_pub.sys_menu_role 结构
CREATE TABLE IF NOT EXISTS `sys_menu_role` (
  `id` int NOT NULL AUTO_INCREMENT COMMENT 'id',
  `mid` int DEFAULT NULL COMMENT '菜单id',
  `rid` int DEFAULT NULL COMMENT '权限id',
  PRIMARY KEY (`id`) USING BTREE,
  KEY `mid` (`mid`) USING BTREE,
  KEY `rid` (`rid`) USING BTREE,
  CONSTRAINT `t_menu_role_ibfk_1` FOREIGN KEY (`mid`) REFERENCES `yeb`.`t_menu` (`id`),
  CONSTRAINT `t_menu_role_ibfk_2` FOREIGN KEY (`rid`) REFERENCES `yeb`.`t_role` (`id`)
) ENGINE=InnoDB AUTO_INCREMENT=895 DEFAULT CHARSET=utf8 ROW_FORMAT=DYNAMIC;

-- 正在导出表  marry_pub.sys_menu_role 的数据：~0 rows (大约)
/*!40000 ALTER TABLE `sys_menu_role` DISABLE KEYS */;
/*!40000 ALTER TABLE `sys_menu_role` ENABLE KEYS */;

-- 导出  表 marry_pub.sys_user 结构
CREATE TABLE IF NOT EXISTS `sys_user` (
  `id` tinyint NOT NULL AUTO_INCREMENT COMMENT '主键',
  `account` varchar(50) CHARACTER SET utf8 COLLATE utf8_general_ci NOT NULL COMMENT '账号',
  `password` varchar(100) CHARACTER SET utf8 COLLATE utf8_general_ci NOT NULL COMMENT '密码',
  `user_code` varchar(100) CHARACTER SET utf8 COLLATE utf8_general_ci NOT NULL COMMENT '用户编码',
  `username` varchar(100) CHARACTER SET utf8 COLLATE utf8_general_ci NOT NULL COMMENT '姓名',
  `nick_name` varchar(100) CHARACTER SET utf8 COLLATE utf8_general_ci DEFAULT NULL COMMENT '昵称',
  `email` varchar(50) CHARACTER SET utf8 COLLATE utf8_general_ci DEFAULT NULL COMMENT '邮箱',
  `phone` varchar(50) CHARACTER SET utf8 COLLATE utf8_general_ci DEFAULT NULL COMMENT '手机',
  `status` tinyint DEFAULT NULL COMMENT '状态（禁用，开启)',
  `admin_type` tinyint DEFAULT '1' COMMENT '管理员类型（0超级管理员 1非管理员）',
  `create_user` varchar(50) CHARACTER SET utf8 COLLATE utf8_general_ci DEFAULT NULL COMMENT '创建人',
  `create_time` timestamp NULL DEFAULT NULL COMMENT '创建时间',
  `update_user` varchar(50) CHARACTER SET utf8 COLLATE utf8_general_ci DEFAULT NULL COMMENT '修改人',
  `update_time` timestamp NULL DEFAULT NULL COMMENT '修改时间',
  `yn` tinyint DEFAULT '1' COMMENT '逻辑删除1是0否',
  `enabled` tinyint DEFAULT NULL COMMENT '是否禁用',
  PRIMARY KEY (`id`)
) ENGINE=InnoDB AUTO_INCREMENT=28 DEFAULT CHARSET=utf8 COMMENT='用户信息表';

-- 正在导出表  marry_pub.sys_user 的数据：~4 rows (大约)
/*!40000 ALTER TABLE `sys_user` DISABLE KEYS */;
INSERT INTO `sys_user` (`id`, `account`, `password`, `user_code`, `username`, `nick_name`, `email`, `phone`, `status`, `admin_type`, `create_user`, `create_time`, `update_user`, `update_time`, `yn`, `enabled`) VALUES
	(1, 'admin', '$2a$10$DqvVCrUcepkL70qUsxLnm.7QK44BnOxWWbzBqF75eOI51npfp2eQS', '', 'admin', '小马爱Java', '1111111111@qq.com', '66666666666', 1, 1, 'JD_SCM', '2021-09-07 14:19:31', 'JD_SCM', '2021-09-07 14:19:31', 1, 1),
	(21, 'user', '$2a$10$UJCjKW2f8S2ffsM0Suu0Cefdf0hM5t.E5pgXTSF58bhiP.3.uwIA.', '1440570959423062016', 'user', 'nicoco', 'aaa@qq.com', '17395174843', 0, 1, 'maruihua', '2021-09-22 14:57:36', 'user', '2021-09-27 16:14:37', 1, 1),
	(24, '王小二', '$2a$10$xJoxlPe5SF.Kq3LYmrcIpeZJWq009vjDv/z2vOFljnnluM.8PBhRW', '1442419717907660800', '王小二', '小哥就爱浪', '1003534413@qq.com', '15529506003', 1, 1, 'user', '2021-09-27 17:23:54', 'user', '2021-09-27 18:26:55', 1, 1),
	(25, 'bfgb', '$2a$10$3Kn5NG.JzNWTLEAIEW1VpuPIuBmLjld53zOGZmh5RsLuP80oirep6', '1442431858161205248', 'fgbfgb', 'frgbgfb', 'gfbgfb', NULL, 1, 1, 'user', '2021-09-27 18:12:09', 'user', '2021-09-27 18:12:17', 0, NULL),
	(26, '熊安华', '$2a$10$1U1JRSvLreO7aEqyq6Bx..Ygl0cKGyvoS3S9aRL5X/0R0KTYma4sO', '1443590061432881152', '小王', '小小王', '1003531030@qq.com', '10035344132', 1, 1, 'admin', '2021-09-30 22:54:26', 'admin', '2021-09-30 22:57:39', 0, NULL),
	(27, 'mhjmjhm', '$2a$10$w8Ep1DIiYcPHAYJPSSnADOUrtP.y9cIpV7wbMU362OW4QazVlwAim', '1446307717263769600', 'jhgjgh', 'ghjgh', 'jk,kj,kj,kjj,', NULL, 1, 1, 'admin', '2021-10-08 10:53:26', 'admin', '2021-10-08 10:53:33', 0, NULL);
/*!40000 ALTER TABLE `sys_user` ENABLE KEYS */;

-- 导出  表 marry_pub.sys_user_role 结构
CREATE TABLE IF NOT EXISTS `sys_user_role` (
  `id` tinyint NOT NULL AUTO_INCREMENT COMMENT '主键',
  `account` varchar(50) COLLATE utf8mb4_general_ci DEFAULT NULL COMMENT '用户账号',
  `role_code` varchar(50) CHARACTER SET utf8mb4 COLLATE utf8mb4_general_ci NOT NULL COMMENT '用户权限资源',
  `role_desc` varchar(100) COLLATE utf8mb4_general_ci DEFAULT NULL COMMENT '权限描述',
  `create_user` varchar(50) COLLATE utf8mb4_general_ci NOT NULL COMMENT '创建人',
  `create_time` timestamp NOT NULL COMMENT '创建时间',
  `update_user` varchar(50) COLLATE utf8mb4_general_ci NOT NULL COMMENT '修改人',
  `update_time` timestamp NOT NULL COMMENT '修改人',
  `yn` tinyint NOT NULL DEFAULT '1' COMMENT '逻辑删除1是0否',
  PRIMARY KEY (`id`)
) ENGINE=InnoDB AUTO_INCREMENT=3 DEFAULT CHARSET=utf8mb4 COLLATE=utf8mb4_general_ci COMMENT='用户权限表';

-- 正在导出表  marry_pub.sys_user_role 的数据：~1 rows (大约)
/*!40000 ALTER TABLE `sys_user_role` DISABLE KEYS */;
INSERT INTO `sys_user_role` (`id`, `account`, `role_code`, `role_desc`, `create_user`, `create_time`, `update_user`, `update_time`, `yn`) VALUES
	(1, 'admin', 'admin:pageList', '分页查询', 'JD_SCM', '2021-09-07 15:22:20', 'JD_SCM', '2021-09-07 15:22:30', 1),
	(2, 'admin1', 'admin1:pageList', '分页查询', 'JD_SCM', '2021-09-07 15:22:20', 'JD_SCM', '2021-09-07 15:22:30', 1);
/*!40000 ALTER TABLE `sys_user_role` ENABLE KEYS */;

/*!40101 SET SQL_MODE=IFNULL(@OLD_SQL_MODE, '') */;
/*!40014 SET FOREIGN_KEY_CHECKS=IFNULL(@OLD_FOREIGN_KEY_CHECKS, 1) */;
/*!40101 SET CHARACTER_SET_CLIENT=@OLD_CHARACTER_SET_CLIENT */;
/*!40111 SET SQL_NOTES=IFNULL(@OLD_SQL_NOTES, 1) */;
